ID,Given String,Predicted Continuation
1,"['public', 'void', 'setUp', '(', ')', ';', '}', '}', ')', ';', '}', '}', ')', ';', '}', '}', ')', ';', '}', '}', ')', ';', '}', '}', ')', ';', '}', '}', ')', ';', '}', '}', ')', ';', '}', '}', ')', ';', '}', '}', ')', ';', '}', '}', ')', ';', '}', '}', ')', ';', '}', '}', ')', ';', '}', '}', ')', ';', '}', '}', ')', ';', '}', '}', ')', ';', '}', '}', ')', ';']","[('setUp', 0.02832378888716917), ('(', 1.0), (')', 0.9781746031746031), (';', 0.4777126381547333), ('}', 0.17806887715655306), ('}', 0.2383401312289413), (')', 0.36363636363636365), (';', 0.7686567164179104), ('}', 0.17806887715655306), ('}', 0.2383401312289413), (')', 0.36363636363636365), (';', 0.7686567164179104), ('}', 0.17806887715655306), ('}', 0.2383401312289413), (')', 0.36363636363636365), (';', 0.7686567164179104), ('}', 0.17806887715655306), ('}', 0.2383401312289413), (')', 0.36363636363636365), (';', 0.7686567164179104), ('}', 0.17806887715655306), ('}', 0.2383401312289413), (')', 0.36363636363636365), (';', 0.7686567164179104), ('}', 0.17806887715655306), ('}', 0.2383401312289413), (')', 0.36363636363636365), (';', 0.7686567164179104), ('}', 0.17806887715655306), ('}', 0.2383401312289413), (')', 0.36363636363636365), (';', 0.7686567164179104), ('}', 0.17806887715655306), ('}', 0.2383401312289413), (')', 0.36363636363636365), (';', 0.7686567164179104), ('}', 0.17806887715655306), ('}', 0.2383401312289413), (')', 0.36363636363636365), (';', 0.7686567164179104), ('}', 0.17806887715655306), ('}', 0.2383401312289413), (')', 0.36363636363636365), (';', 0.7686567164179104), ('}', 0.17806887715655306), ('}', 0.2383401312289413), (')', 0.36363636363636365), (';', 0.7686567164179104), ('}', 0.17806887715655306), ('}', 0.2383401312289413), (')', 0.36363636363636365), (';', 0.7686567164179104), ('}', 0.17806887715655306), ('}', 0.2383401312289413), (')', 0.36363636363636365), (';', 0.7686567164179104), ('}', 0.17806887715655306), ('}', 0.2383401312289413), (')', 0.36363636363636365), (';', 0.7686567164179104), ('}', 0.17806887715655306), ('}', 0.2383401312289413), (')', 0.36363636363636365), (';', 0.7686567164179104), ('}', 0.17806887715655306), ('}', 0.2383401312289413), (')', 0.36363636363636365), (';', 0.7686567164179104)]"
