ID,Given String,Predicted Continuation
1,"['public', 'void']","[('setUp', 0.02832378888716917), ('(', 1.0), (')', 0.9781746031746031), (';', 0.4777126381547333), ('public', 0.04915063288343016), ('void', 0.38510051241623966), ('setUp', 0.02832378888716917), ('(', 1.0), (')', 0.9781746031746031), (';', 0.4777126381547333), ('public', 0.04915063288343016), ('void', 0.38510051241623966), ('setUp', 0.02832378888716917), ('(', 1.0), (')', 0.9781746031746031), (';', 0.4777126381547333), ('public', 0.04915063288343016), ('void', 0.38510051241623966), ('setUp', 0.02832378888716917), ('(', 1.0), (')', 0.9781746031746031), (';', 0.4777126381547333), ('public', 0.04915063288343016), ('void', 0.38510051241623966), ('setUp', 0.02832378888716917), ('(', 1.0), (')', 0.9781746031746031), (';', 0.4777126381547333), ('public', 0.04915063288343016), ('void', 0.38510051241623966), ('setUp', 0.02832378888716917), ('(', 1.0), (')', 0.9781746031746031), (';', 0.4777126381547333), ('public', 0.04915063288343016), ('void', 0.38510051241623966), ('setUp', 0.02832378888716917), ('(', 1.0), (')', 0.9781746031746031), (';', 0.4777126381547333), ('public', 0.04915063288343016), ('void', 0.38510051241623966), ('setUp', 0.02832378888716917), ('(', 1.0), (')', 0.9781746031746031), (';', 0.4777126381547333), ('public', 0.04915063288343016), ('void', 0.38510051241623966), ('setUp', 0.02832378888716917), ('(', 1.0), (')', 0.9781746031746031), (';', 0.4777126381547333), ('public', 0.04915063288343016), ('void', 0.38510051241623966), ('setUp', 0.02832378888716917), ('(', 1.0), (')', 0.9781746031746031), (';', 0.4777126381547333), ('public', 0.04915063288343016), ('void', 0.38510051241623966), ('setUp', 0.02832378888716917), ('(', 1.0), (')', 0.9781746031746031), (';', 0.4777126381547333), ('public', 0.04915063288343016), ('void', 0.38510051241623966), ('setUp', 0.02832378888716917), ('(', 1.0), (')', 'Paren balancing')]"
